name,Average of rental_duration
Music,5.235294118
Family,5.173913043
Classics,5.070175439
Children,5.033333333
Comedy,4.931034483
Animation,4.893939394
